scenario_id,bus,p_load_pu,q_load_pu
0,0,0.0,0.0
0,1,0.16154484196755878,0.06301270297472439
0,2,0.2457939587466271,0.08948350661269419
0,3,0.18005297777885604,0.07023204622511019
0,4,0.2457358023047197,0.09585250096683662
0,5,0.18474502812101912,0.07206224254058614
0,6,0.2525181468192967,0.09270404158164527
0,7,0.19784800236602065,0.07123682862230844
0,8,0.26979162713836574,0.09969706773537851
1,0,0.0,0.0
1,1,0.11267185902618063,0.0842811212898697
1,2,0.18328062024612704,0.1279582133224582
1,3,0.1627803391201527,0.12176340768287021
1,4,0.18787510091908488,0.14053486207437665
1,5,0.138463396350155,0.10357377967184413
1,6,0.1759195574666089,0.12385114615757677
1,7,0.15594322291598933,0.1076760819373587
1,8,0.2121010802958411,0.1503061080554117
2,0,0.0,0.0
2,1,0.16555837084535233,0.0606276130292043
2,2,0.22341663280412963,0.07636099954468556
2,3,0.20389757711372586,0.07466746223536148
2,4,0.2638086978341252,0.09660696444618722
2,5,0.1886771107942561,0.06909371481667723
2,6,0.2638701711134139,0.09094538918791938
2,7,0.20252475092250444,0.06845975274732088
2,8,0.2964123518828946,0.1028334786268415
3,0,0.0,0.0
3,1,0.1433507672223411,0.0823563591315144
3,2,0.20961756325383515,0.1123987708181652
3,3,0.21957902039955296,0.12615020492860937
3,4,0.29335783690188555,0.16853682640193512
3,5,0.17773634497327964,0.10211119578201235
3,6,0.23703022265178875,0.1281657262686518
3,7,0.18150208574550603,0.09625352228768991
3,8,0.2987865280903185,0.16262115192264998
4,0,0.0,0.0
4,1,0.10759209913627393,0.07171940956504774
4,2,0.18581046741319612,0.11560144886228597
4,3,0.15735258403052382,0.10488906258730099
4,4,0.2176561403434185,0.145086581625902
4,5,0.1437880585740549,0.09584713697586895
4,6,0.20534661179479216,0.12882938319675177
4,7,0.16508874025078135,0.1015808101295947
4,8,0.22959358123438633,0.14498897220363058
5,0,0.0,0.0
5,1,0.09718791535399314,0.03874398598363385
5,2,0.1496822207374661,0.05569279663066411
5,3,0.1174845085721845,0.04683522778357245
5,4,0.16661079677413235,0.0664194344680306
5,5,0.10969960020869893,0.043731772179857145
5,6,0.15323089022617484,0.05749226492574946
5,7,0.12076992355637206,0.04444150085757181
5,8,0.20206742507942937,0.07631453171886189
6,0,0.0,0.0
6,1,0.12274439643210706,0.052835026732944546
6,2,0.20706042124787738,0.08318674412820463
6,3,0.20116192826202275,0.08658966247191147
6,4,0.26728612579366,0.11505266237929214
6,5,0.17989289193276664,0.07743445754439536
6,6,0.25643239403102785,0.10388771760541396
6,7,0.1792482052093524,0.07122180342758207
6,8,0.2595283852282004,0.10583371120941343
7,0,0.0,0.0
7,1,0.08661440748341487,0.05201475560225281
7,2,0.13156988320456814,0.07374450914638098
7,3,0.12510869087111454,0.07513181892544715
7,4,0.1805308134319574,0.10841459766537379
7,5,0.11706902488581908,0.07030373923871648
7,6,0.1730374239943458,0.09780195268683399
7,7,0.12110994538412964,0.06713579336481565
7,8,0.18559554716761192,0.1055900219028306
8,0,0.0,0.0
8,1,0.1465995412596484,0.05993217860537376
8,2,0.20091298119537399,0.0766606025164283
8,3,0.19225300956990715,0.07859602839109142
8,4,0.246801919417264,0.10089647339664536
8,5,0.15348121969224443,0.06274551606457231
8,6,0.24980005397310534,0.09611497181865092
8,7,0.17695638655221563,0.0667777203314939
8,8,0.2689881658018273,0.10417884337974853
9,0,0.0,0.0
9,1,0.09503429056564697,0.07616545891540945
9,2,0.1342804396716022,0.10044475350322739
9,3,0.12204588585167003,0.09781396640414687
9,4,0.16138037631466254,0.12933868763356582
9,5,0.09366143042716418,0.07506517688192613
9,6,0.13563489693041705,0.10231050518129327
9,7,0.1048882995205054,0.0775965949872773
9,8,0.15776191571005763,0.11978399723565629
10,0,0.0,0.0
10,1,0.1608403641901335,0.07029245688121351
10,2,0.27464560321648757,0.11202710234454832
10,3,0.2255833002152553,0.09858722021269452
10,4,0.31615902309313215,0.1381717494254707
10,5,0.18416427242186376,0.0804857614160266
10,6,0.27732472459418805,0.11407049522842246
10,7,0.19922833213736996,0.08037161002729416
10,8,0.3065831627938072,0.12693485162810536
11,0,0.0,0.0
11,1,0.12476817081640688,0.04927308489141726
11,2,0.18430631490554053,0.06793333533341135
11,3,0.16078486696983485,0.06349669429006424
11,4,0.1919315714165406,0.07579706065953422
11,5,0.14552808646194137,0.05747153069091736
11,6,0.19629905261420086,0.07296174465217173
11,7,0.15966869445051152,0.05820544492557096
11,8,0.22949799681248936,0.08586254334800938
12,0,0.0,0.0
12,1,0.12248622948252072,0.06426137213075461
12,2,0.20298475046255948,0.09939462908351443
12,3,0.19006088349543082,0.09971384712714015
12,4,0.266249001526688,0.13968530371807997
12,5,0.17078731035264016,0.0896021287629551
12,6,0.23327162770554644,0.11518494245618535
12,7,0.1937355058754892,0.09382311407402061
12,8,0.2293725331738024,0.11400477550406983
13,0,0.0,0.0
13,1,0.08918844754287304,0.08114409294441295
13,2,0.12288053423266325,0.10434416617658737
13,3,0.13543182914584923,0.12321655140997916
13,4,0.16276083054210205,0.14808061273708698
13,5,0.09747262246955651,0.08868107647465599
13,6,0.14378568917959236,0.12312182098545017
13,7,0.12267871980221179,0.1030280391982248
13,8,0.1866405800842507,0.16086934191841878
14,0,0.0,0.0
14,1,0.1277656961081255,0.06409199244729413
14,2,0.17081410290789198,0.0799742191512743
14,3,0.14360210301559492,0.07203611910118755
14,4,0.2273658731372934,0.11405512017525876
14,5,0.13874782807181554,0.06960103548711245
14,6,0.20324620802386287,0.09595840493805212
14,7,0.15289325510825935,0.07079714231815676
14,8,0.23231860747583818,0.11040593178177595
15,0,0.0,0.0
15,1,0.155628753919276,0.0812634848088672
15,2,0.21685387686706278,0.10568407957456495
15,3,0.19111523033238687,0.09979318876327174
15,4,0.27269403584666885,0.14239057424432505
15,5,0.188341171698355,0.09834467962862634
15,6,0.3058697486893602,0.15031876172220388
15,7,0.20705359717697688,0.09979901978311656
15,8,0.32304154779007577,0.15980224953585767
16,0,0.0,0.0
16,1,0.15373801685120092,0.04522661573199469
16,2,0.23540295420361204,0.06463406964653202
16,3,0.2729574831253084,0.08029857190384536
16,4,0.280176597031594,0.08242228923318418
16,5,0.21333197769278256,0.06275795392753288
16,6,0.262763705387134,0.0727527234141816
16,7,0.23272246127810284,0.0631959157773381
16,8,0.3262905101899544,0.09093606630459464
17,0,0.0,0.0
17,1,0.11987896218528221,0.04766348027503942
17,2,0.1965302512084011,0.07293046149008842
17,3,0.1706615010229771,0.06785445035088865
17,4,0.2053836404109388,0.08165985853641651
17,5,0.13628688073238698,0.054187214613143304
17,6,0.21802904859936878,0.08158835873521433
17,7,0.18523288957706957,0.06798275669214944
17,8,0.24343731223082488,0.09169566919296115
18,0,0.0,0.0
18,1,0.18151541736056742,0.07007144293389832
18,2,0.2508435171707788,0.09037893102452836
18,3,0.22251875541895147,0.08590019789386995
18,4,0.3220014162140193,0.12430406292185694
18,5,0.20397812471291377,0.07874285134244231
18,6,0.31371141788104345,0.11398007254264518
18,7,0.21677987777006666,0.0772474946515696
18,8,0.28166714890554767,0.10301077250566384
19,0,0.0,0.0
19,1,0.11276187358410616,0.04965526834313184
19,2,0.14651080715471798,0.06021566509129314
19,3,0.13448293406923248,0.05922024853372676
19,4,0.1992294788859805,0.08773172102862323
19,5,0.10838479191819708,0.04772779802207154
19,6,0.15640658293207665,0.06482300193284478
19,7,0.13545636115669452,0.05506052504803821
19,8,0.1823405698554747,0.07606857170878314
20,0,0.0,0.0
20,1,0.1284518657530062,0.04590190331194746
20,2,0.20873592432368493,0.06961843449458886
20,3,0.17637270673612349,0.06302627746205808
20,4,0.23673118460650674,0.08459520523917612
20,5,0.12547228936288118,0.04483716029269801
20,6,0.21179729773364678,0.0712330849540929
20,7,0.1516278607898231,0.050015795276161054
20,8,0.2144696460455571,0.07260641878392797
21,0,0.0,0.0
21,1,0.10193678063819205,0.08339993272778581
21,2,0.12734904165482963,0.09724499189042222
21,3,0.13329443334581814,0.10905530569467992
21,4,0.16433774361637113,0.13445349829996894
21,5,0.11098540530260756,0.09080309656684955
21,6,0.17441443233321807,0.1343037894873943
21,7,0.12878615969023438,0.09726170388404817
21,8,0.1997648418325964,0.1548362863967385
22,0,0.0,0.0
22,1,0.10178848167932492,0.08224073893165225
22,2,0.15848295264443701,0.119510949804414
22,3,0.14715217022422483,0.11889265872697108
22,4,0.17037601790520254,0.13765653419312504
22,5,0.12527391003614669,0.10121596039409908
22,6,0.1794128894962542,0.13643100222415863
22,7,0.16187396475641302,0.12072668210417438
22,8,0.2264925605478539,0.1733649159015629
23,0,0.0,0.0
23,1,0.14859826717956692,0.06861917758096117
23,2,0.2405233997800797,0.10366350148044154
23,3,0.24157236118286213,0.11155242295408317
23,4,0.33216868678763856,0.15338767092063252
23,5,0.19018296230963277,0.08782200971312812
23,6,0.2711411140461634,0.1178414834280537
23,7,0.181208070882437,0.07724087665349696
23,8,0.3156131001751113,0.13807202325094745
24,0,0.0,0.0
24,1,0.15958724510035752,0.09519450252113353
24,2,0.19478723422967262,0.108445355966557
24,3,0.17652499951523992,0.10529794847219248
24,4,0.24224221791193068,0.14449856195738414
24,5,0.13984022641513885,0.08341531792005348
24,6,0.20346771226991422,0.11423002036338717
24,7,0.2063099014999393,0.11359825400420828
24,8,0.23110737203336476,0.13060096749001637
25,0,0.0,0.0
25,1,0.1843696037863451,0.09653238810311691
25,2,0.20336997715276434,0.09938191120374298
25,3,0.20327185541603848,0.10642924448761536
25,4,0.2766405669803496,0.14484369455910956
25,5,0.2043488147068517,0.10699311971486003
25,6,0.2342440366077095,0.11543123244652433
25,7,0.19066568916601784,0.09214975166873313
25,8,0.3019189165844994,0.14975900861826863
26,0,0.0,0.0
26,1,0.09057301891956852,0.05118212688144581
26,2,0.12222462967406993,0.06446366486101655
26,3,0.12573221825986686,0.07105032409018879
26,4,0.1612837488462905,0.091140224714124
26,5,0.11190437215879451,0.06323631300736639
26,6,0.14872588514454788,0.07910011394331704
26,7,0.12350889210475688,0.06442517475886853
26,8,0.18804406387111663,0.10066952465009034
27,0,0.0,0.0
27,1,0.11484936627867116,0.0536266325994767
27,2,0.17154572669892046,0.074759881520637
27,3,0.15086607162893198,0.07044391847439872
27,4,0.21106559789946017,0.09855289271234968
27,5,0.13616755961676574,0.06358073995652286
27,6,0.22697300766085804,0.09974639251366829
27,7,0.16738505988128108,0.07214504515243218
27,8,0.22399702800942764,0.09908617964270833
28,0,0.0,0.0
28,1,0.08159526304227724,0.0573544689353219
28,2,0.1092189245646895,0.07165343064902094
28,3,0.12255826701186792,0.08614794604506597
28,4,0.14688979055714244,0.10325091941992273
28,5,0.09959455768715257,0.07000642870696108
28,6,0.11690980187555482,0.07734358560014079
28,7,0.1116121294751808,0.07241884666163949
28,8,0.157378882164193,0.10480154290247436
29,0,0.0,0.0
29,1,0.17660600841562968,0.07923847771861856
29,2,0.2605245425216834,0.10909781866101387
29,3,0.23648019125532888,0.10610245106486244
29,4,0.308745262556652,0.13852589063815338
29,5,0.2033646798894211,0.09124439083775686
29,6,0.29761561571101214,0.12567746861160004
29,7,0.2513127019576149,0.10408376221497673
29,8,0.26289474344916214,0.11174586337969875
30,0,0.0,0.0
30,1,0.11619678695885666,0.07112337306816002
30,2,0.16519754839860074,0.0943753554700448
30,3,0.13657932129399364,0.08359940301299693
30,4,0.20967729018604792,0.12834224184790552
30,5,0.15503343154021326,0.09489505586222392
30,6,0.16928666275602117,0.09752411788175525
30,7,0.15775906438282083,0.08913544594063
30,8,0.20999884020351064,0.12177384700850874
31,0,0.0,0.0
31,1,0.10992435810934154,0.0698663943775708
31,2,0.1870398560201069,0.1109546042854722
31,3,0.16549555862869492,0.10518667714563787
31,4,0.2314783401089938,0.14712441608104382
31,5,0.14830219614941134,0.09425881489276683
31,6,0.1987535773452086,0.11889412861152517
31,7,0.1673153289734029,0.09816304420346685
31,8,0.22213474560953622,0.1337549279368213
32,0,0.0,0.0
32,1,0.1562666889735527,0.0644775530048133
32,2,0.22014993549341894,0.0847807933101671
32,3,0.23484270913981276,0.09689898292347479
32,4,0.2534162735048873,0.10456266344748008
32,5,0.19820137755056716,0.08178031998109703
32,6,0.26021629908845656,0.10105264699138813
32,7,0.2210049375032807,0.08417478330426978
32,8,0.31307504553307464,0.12237973076933492
33,0,0.0,0.0
33,1,0.12901248783882832,0.036477233208935124
33,2,0.22017169811741522,0.05810164229257773
33,3,0.18722923545574247,0.05293754581170294
33,4,0.2546152083388062,0.07199038239398224
33,5,0.1984952521945674,0.05612292055179225
33,6,0.26366678987892966,0.07016437041445661
33,7,0.18111623708739324,0.04726998015463499
33,8,0.25764739925491614,0.06901361976381012
34,0,0.0,0.0
34,1,0.09495104752447278,0.06340627913534247
34,2,0.15426428439581422,0.09614676435799777
34,3,0.1534569432313048,0.10247526521782355
34,4,0.1894048279297701,0.12648049392189364
34,5,0.09833520164386689,0.06566614489065199
34,6,0.17472856268011347,0.10981646853696876
34,7,0.13119151979740523,0.08086789990619697
34,8,0.19695525469385797,0.12460027022445441
35,0,0.0,0.0
35,1,0.11834139339483266,0.06428867485253274
35,2,0.19513093660385378,0.09893744737424134
35,3,0.1518981254075607,0.08251828810613203
35,4,0.24998788873091557,0.13580531405501195
35,5,0.1534509172381196,0.08336183850083974
35,6,0.22546763012349563,0.11527975816975991
35,7,0.15410424317206006,0.07727700575022688
35,8,0.25137356255932436,0.1293708107373141
36,0,0.0,0.0
36,1,0.11039582109613705,0.08396384172886165
36,2,0.16606111345076904,0.1178811569261567
36,3,0.14123108665968395,0.10741624537727895
36,4,0.19275270236291805,0.14660208360528915
36,5,0.12844985091784086,0.09769521024866816
36,6,0.1898686758368581,0.13591395495989228
36,7,0.1521407605613695,0.10681276168256193
36,8,0.18845571514419873,0.13579002990223807
37,0,0.0,0.0
37,1,0.1065901960401632,0.06958317793261021
37,2,0.15881550649012124,0.09676463864996887
37,3,0.1612326845045339,0.10525435726006202
37,4,0.21777777013182215,0.14216757161361968
37,5,0.13612269273581448,0.08886229598201704
37,6,0.2131478382514778,0.13096009824980664
37,7,0.15743020164764543,0.09486651441480812
37,8,0.22983234713678624,0.14214024346120044
38,0,0.0,0.0
38,1,0.08542242946853752,0.07871321118870009
38,2,0.10939159230691757,0.09407981007276776
38,3,0.13719151891869377,0.12641627110269738
38,4,0.1506021129305652,0.13877357497698187
38,5,0.10511687107224574,0.09686081891703299
38,6,0.16310886545880238,0.14145696617991305
38,7,0.098430322938082,0.08372256303175299
38,8,0.14848809203763236,0.12962424577854664
39,0,0.0,0.0
39,1,0.12510538399497723,0.06171244609791564
39,2,0.18888428681298458,0.08696196968800084
39,3,0.17293630650195066,0.08530666029371467
39,4,0.192952159538016,0.0951801542405585
39,5,0.11822380747567936,0.058317876604144676
39,6,0.2063465432362826,0.09579989207082502
39,7,0.15118154482069338,0.06883882252142218
39,8,0.2380630203985723,0.11125194288293064
40,0,0.0,0.0
40,1,0.0811037863680528,0.08282098382655616
40,2,0.12988364173105452,0.12379140409266039
40,3,0.12718985405873404,0.12988282443555366
40,4,0.15698225154400572,0.16030601157363228
40,5,0.10712833838808034,0.10939654951177412
40,6,0.13738377555376854,0.13204007547778274
40,7,0.10973478282457591,0.10343831979527142
40,8,0.16528125902281565,0.15989753615353142
41,0,0.0,0.0
41,1,0.09877380668105087,0.08649379242693485
41,2,0.1392058004869187,0.11377248836255174
41,3,0.13150030723451916,0.1151515838075185
41,4,0.18200313075401345,0.15937566386727048
41,5,0.0956421558838768,0.08375148287032255
41,6,0.14447595925574017,0.11907204051659356
41,7,0.10865023916024422,0.0878236997205472
41,8,0.1465250841935593,0.12155533706208327
42,0,0.0,0.0
42,1,0.07888345387432799,0.0757808131243325
42,2,0.12300074068205696,0.11028535525404091
42,3,0.12286008453638625,0.11802775676537142
42,4,0.16073495862308326,0.15441293786867613
42,5,0.0963320534661944,0.0925431251176573
42,6,0.15208957541375034,0.13751303013147204
42,7,0.10571357506469091,0.09374367978100343
42,8,0.1430992548170222,0.13023557131867788
43,0,0.0,0.0
43,1,0.08408969681669727,0.06895688558989953
43,2,0.1318929725754952,0.10094696932773292
43,3,0.13487687366256515,0.11060438434148386
43,4,0.18536868883707475,0.15200967481131056
43,5,0.09661433990287126,0.07922758952917373
43,6,0.15872226709655546,0.12250216700198197
43,7,0.107881784530857,0.08166216081614854
43,8,0.17852193853746015,0.13869006450481583
44,0,0.0,0.0
44,1,0.1755503515178526,0.07839860277910142
44,2,0.23325794486249948,0.09722542290088174
44,3,0.21900872680119274,0.09780657246873897
44,4,0.2689731371081067,0.12012005645139814
44,5,0.18583322094208526,0.08299080432384058
44,6,0.28731437140127075,0.12076331622014845
44,7,0.20922271306501292,0.08624885583911425
44,8,0.3186513255027863,0.1348159426950741
45,0,0.0,0.0
45,1,0.0870583194303539,0.08247572790107659
45,2,0.11840577683539118,0.10469490470699347
45,3,0.13601763007664663,0.12885790951805878
45,4,0.15685060451623564,0.1485942740894446
45,5,0.11699360257992393,0.11083527221390647
45,6,0.156839288653257,0.13984334482155628
45,7,0.11514612733006298,0.10069388741506609
45,8,0.17482018618021153,0.15690123442505008
46,0,0.0,0.0
46,1,0.12309634667662626,0.043702105504466855
46,2,0.18597851320354505,0.06162497347280414
46,3,0.18613961704482507,0.0660839529545407
46,4,0.20544303350126827,0.07293712094328919
46,5,0.15081449715272752,0.053542702477482274
46,6,0.20767810135184664,0.06939352727521875
46,7,0.16313841164323953,0.05346275326314288
46,8,0.21708526130968056,0.0730140501999895
47,0,0.0,0.0
47,1,0.08811315072564238,0.060933703859302614
47,2,0.13981835152216643,0.09024388858961008
47,3,0.13229054765565115,0.09148410864722985
47,4,0.20116622475770604,0.13911434405571363
47,5,0.1263892542602115,0.08740313252524068
47,6,0.15183597292991072,0.09882403553647236
47,7,0.12929081569328313,0.08253200879833125
47,8,0.1778621322582538,0.11652503585625823
48,0,0.0,0.0
48,1,0.14671940280570964,0.07359503699440895
48,2,0.20400108173874698,0.09550590500644898
48,3,0.21236953542547182,0.10652540507420072
48,4,0.22864298713217004,0.11468823328559374
48,5,0.16783889001718114,0.08418865592216201
48,6,0.2870384729637468,0.13551025094878125
48,7,0.18497658415733087,0.08564768453669176
48,8,0.2960643242897485,0.1406908843751727
49,0,0.0,0.0
49,1,0.16289692720659804,0.0831733080020583
49,2,0.24211416751571563,0.11537934324678602
49,3,0.21481027500681904,0.10967966966307108
49,4,0.3046922275680809,0.15557236667338906
49,5,0.18299115042729758,0.09343318856369519
49,6,0.2930011429311004,0.14080285418076718
49,7,0.2312024298588717,0.1089685998052808
49,8,0.3200334028812487,0.1548051113684765
50,0,0.0,0.0
50,1,0.10051616776478597,0.052867935096232214
50,2,0.16616194221860459,0.08156892939602937
50,3,0.12314595884722696,0.06477040166248066
50,4,0.18052937510453143,0.0949520410320833
50,5,0.10397653768611691,0.054687966803349974
50,6,0.15424869980759368,0.07635702494619409
50,7,0.14859785161548766,0.07214510169943682
50,8,0.20983950863949644,0.10455928154662075
51,0,0.0,0.0
51,1,0.10806723263560647,0.034786902234595775
51,2,0.19381595286793768,0.05823016539662738
51,3,0.22573711442076694,0.07266490256629037
51,4,0.25161068658220365,0.08099361982209896
51,5,0.1548442775438559,0.04984445898293452
51,6,0.23818705765369244,0.07216239643385275
51,7,0.15367975460207983,0.045664244677746456
51,8,0.2505548040386826,0.07640879745280019
52,0,0.0,0.0
52,1,0.14788824943317508,0.04044273456312638
52,2,0.21438565272555712,0.054719149595614636
52,3,0.2051355599452503,0.05609805398415244
52,4,0.23657268597995657,0.06469510850688971
52,5,0.17889474412647893,0.048922025104603126
52,6,0.2672641783415916,0.06878894675312523
52,7,0.16678207511258408,0.0421011648136188
52,8,0.24550161643409596,0.06360336674329735
53,0,0.0,0.0
53,1,0.193576972684292,0.04958635995424448
53,2,0.25180639580921266,0.060202159280713846
53,3,0.2720062032020976,0.06967666305931987
53,4,0.3165530172424786,0.08108770190960543
53,5,0.2131528513887396,0.05460088494861193
53,6,0.33288901527023107,0.08025628647680023
53,7,0.219694007568554,0.05194749857671151
53,8,0.3057657176028136,0.0742021057133407
54,0,0.0,0.0
54,1,0.14495336197614725,0.034755538367668114
54,2,0.2612418074250606,0.05846220399161975
54,3,0.22199514820016183,0.05322788506262122
54,4,0.32566809304239897,0.0780855976608736
54,5,0.1607640753918458,0.03854648084218582
54,6,0.26398109023470306,0.05957164694767111
54,7,0.18635908506687224,0.041246223514637616
54,8,0.29403864101973354,0.06679116806003041
55,0,0.0,0.0
55,1,0.13594619923483015,0.06853940056703794
55,2,0.2054877075259998,0.09669318268451113
55,3,0.19742327338132187,0.09953402810596172
55,4,0.22961412777823506,0.11576355034728636
55,5,0.17592648317404339,0.08869608542558444
55,6,0.24839538533403752,0.11786580217407737
55,7,0.1859429836942899,0.08653482523879501
55,8,0.27537989374322763,0.1315298618241971
56,0,0.0,0.0
56,1,0.15080465005760643,0.07954267099023436
56,2,0.22219799784743244,0.10938615452950537
56,3,0.1997913914672811,0.10538097407535137
56,4,0.25077920107872553,0.13227475064581243
56,5,0.16409237450195915,0.08655134806539284
56,6,0.2398100613582806,0.1190484919926809
56,7,0.1963052799825716,0.09557742188577077
56,8,0.2962558230356912,0.1480373275974173
57,0,0.0,0.0
57,1,0.14802725498269378,0.049715037555995045
57,2,0.21937689433688015,0.06876599744648779
57,3,0.19084750131497455,0.06409624157693823
57,4,0.23556722892122298,0.07911538746124469
57,5,0.1729698236079098,0.058092013377714975
57,6,0.23827149672516076,0.07531634572915039
57,7,0.15871213484472263,0.04920328663271151
57,8,0.260931311865894,0.08302161704803782
58,0,0.0,0.0
58,1,0.10436351629711335,0.07375506849708315
58,2,0.13625623987782273,0.08987447035563
58,3,0.1593077380367806,0.11258487206935097
58,4,0.20351802967320132,0.1438288661739308
58,5,0.12087055613324944,0.08542081048235939
58,6,0.17984524980106234,0.11962258967916647
58,7,0.10787736207544413,0.07037386106498918
58,8,0.17725518569758753,0.1186754866047937
59,0,0.0,0.0
59,1,0.1619561899165964,0.08546022095552237
59,2,0.26651919896196674,0.13125979933820878
59,3,0.19429182976106263,0.10252292740267555
59,4,0.25728575571165174,0.13576324278281335
59,5,0.18730341841843098,0.09883531794621118
59,6,0.2940089194996824,0.1460151864600018
59,7,0.17968476101512101,0.08752167087199263
59,8,0.2968801567717909,0.14841115156079362
60,0,0.0,0.0
60,1,0.1433434816416719,0.07245572229622693
60,2,0.19315338365925472,0.09112422308241266
60,3,0.18643663138079206,0.09423798441661138
60,4,0.2580248294510382,0.13042361727316062
60,5,0.1706351408608712,0.08625081683936589
60,6,0.26863561460153335,0.1277995697838485
60,7,0.1966170145934591,0.09173894316338
60,8,0.24188235082323714,0.11582913855072952
61,0,0.0,0.0
61,1,0.12800053864550157,0.08505347321049073
61,2,0.16548851286989436,0.10263249474289324
61,3,0.15433849750977519,0.10255445330312589
61,4,0.21813502349613464,0.14494580705305712
61,5,0.14789661235916798,0.09827396579986893
61,6,0.2045467403343455,0.12792159917942558
61,7,0.13064220659556425,0.08013120187258058
61,8,0.23019895240224494,0.14491138351178467
62,0,0.0,0.0
62,1,0.07614111081074865,0.0631482546153662
62,2,0.13349454427737537,0.10333380863363958
62,3,0.11253684382559634,0.0933333542397605
62,4,0.138799920931102,0.11511485259698359
62,5,0.10900225575602186,0.09040191464029491
62,6,0.1489019051612897,0.11622872099344696
62,7,0.10621987216193494,0.08131783568374559
62,8,0.1822176140620639,0.14316979492840662
63,0,0.0,0.0
63,1,0.16427210262220923,0.038536587166468794
63,2,0.22926079006468902,0.05019679580733916
63,3,0.23362318003532326,0.054805654142285734
63,4,0.2771093964891339,0.06500708423395632
63,5,0.18662016293281053,0.04377921790177755
63,6,0.30318298328532783,0.06693993986384299
63,7,0.19165300486930406,0.041501420424550274
63,8,0.24656700068775117,0.05479782120437391
64,0,0.0,0.0
64,1,0.10624315523370778,0.07756808828865636
64,2,0.13918420514355662,0.09484378085281829
64,3,0.1499060822592553,0.1094463751393116
64,4,0.19311999839413788,0.14099683930498488
64,5,0.12976176429236982,0.09473901605219757
64,6,0.1700388652115088,0.11684264707436691
64,7,0.14936239904399032,0.10066101436172432
64,8,0.2173800392618951,0.1503559763599784
65,0,0.0,0.0
65,1,0.17086472146239445,0.09065924617079563
65,2,0.22317438073494816,0.11051998457592507
65,3,0.19992467860045318,0.10607819155251899
65,4,0.26117395011308414,0.13857649041913214
65,5,0.18478525692071077,0.09804535396498149
65,6,0.21495463605969103,0.10734395146701355
65,7,0.19330225799786097,0.09467482728599534
65,8,0.27014092334668754,0.13579037408747385
66,0,0.0,0.0
66,1,0.141329393555316,0.05011844413924854
66,2,0.17052221829288589,0.05643945810953963
66,3,0.18276967131298907,0.06481405836121135
66,4,0.23018001035557048,0.0816267847810586
66,5,0.1392271489482755,0.04937294296462023
66,6,0.2149841163104053,0.07175340589279021
66,7,0.1778230200489117,0.05820911019588468
66,8,0.23077728626834915,0.07753129737362605
67,0,0.0,0.0
67,1,0.1585814879112699,0.06967653124500234
67,2,0.2493598032446229,0.10225799110692455
67,3,0.23772745178627966,0.10445118431130794
67,4,0.26567711030441626,0.11673152850958994
67,5,0.17859472987431962,0.0784698229294167
67,6,0.30177133861716837,0.12479094802419265
67,7,0.21290547478693744,0.08634928711239293
67,8,0.2597998094723755,0.1081413447533939
68,0,0.0,0.0
68,1,0.1264174877842847,0.06616444077696454
68,2,0.17992532012127802,0.0878914341917433
68,3,0.20025504814505674,0.10480957583883345
68,4,0.24807887936039294,0.12983963381288546
68,5,0.19155620672753718,0.10025677236294261
68,6,0.2355883882056213,0.11604927531038736
68,7,0.17970285731190064,0.08681811793210535
68,8,0.251339633041053,0.12462276175506383
69,0,0.0,0.0
69,1,0.13073888825605975,0.06745261318971169
69,2,0.17082354287410628,0.08225806578203951
69,3,0.1605788349151945,0.08284805066397027
69,4,0.2057107479486696,0.10613313066554049
69,5,0.151628218857756,0.07823012518834928
69,6,0.2262424712521617,0.10985989738078389
69,7,0.1488193043517626,0.07087468727584417
69,8,0.21812050116201986,0.10661280817775158
70,0,0.0,0.0
70,1,0.1358907158280415,0.0636536377769834
70,2,0.15528911300668666,0.06789084716949051
70,3,0.16509073093285584,0.0773314462515249
70,4,0.21306482800165624,0.09980336995056187
70,5,0.12339996351667064,0.05780274635776291
70,6,0.19811573752650286,0.08734206968376902
70,7,0.1521369598572969,0.06578184791578393
70,8,0.2360591845247991,0.1047546351818182
71,0,0.0,0.0
71,1,0.09749450144520652,0.03674545990941152
71,2,0.15865927414683711,0.055811771094076805
71,3,0.16124578091232097,0.060773174796995254
71,4,0.17632943788844288,0.06645817143257375
71,5,0.1182199186066769,0.04455682336195095
71,6,0.18870845514778864,0.06694004272734758
71,7,0.13568595813403525,0.04720590891850833
71,8,0.21234585649245105,0.07582043291411943
72,0,0.0,0.0
72,1,0.06894185038589216,0.03953427785480029
72,2,0.11264010346525793,0.06028658618133362
72,3,0.10345878413515437,0.05932780010436133
72,4,0.12213822835393241,0.07003941190162072
72,5,0.0789173174899784,0.045254647789998124
72,6,0.13479244853464545,0.07274907880150366
72,7,0.09497240199155159,0.050272003138282506
72,8,0.1311357340750477,0.07124113508989934
73,0,0.0,0.0
73,1,0.08260013306165655,0.0438402438983276
73,2,0.1334067608679347,0.06608559901211991
73,3,0.1310055019883015,0.06953152430036529
73,4,0.20312145694584943,0.10780726233022729
73,5,0.12398273413700399,0.0658041712800935
73,6,0.1823027592254213,0.09106605387315855
73,7,0.11936492743544146,0.05847993036081004
73,8,0.174773177347511,0.0878791607103495
74,0,0.0,0.0
74,1,0.15257191322725525,0.04699915686084776
74,2,0.21594220168792566,0.06208544186787004
74,3,0.2091711856648868,0.06443433236096663
74,4,0.266408290656471,0.0820659895831802
74,5,0.18629978593889784,0.05738889076813695
74,6,0.26450592351136376,0.07668703353155476
74,7,0.16538016123406982,0.047025863562762005
74,8,0.22777142378736054,0.06647121474310644
75,0,0.0,0.0
75,1,0.09106717489547501,0.06057492977637808
75,2,0.1266144144750882,0.07860514676140465
75,3,0.13992936317997645,0.09307647193414308
75,4,0.1917870013761039,0.1275704901762235
75,5,0.13610928988627866,0.09053548313360152
75,6,0.1755415528350178,0.10989604229828989
75,7,0.12507952724671284,0.07679893192752638
75,8,0.1749493139211882,0.11024583805281649
76,0,0.0,0.0
76,1,0.09227118332538169,0.07666392841806459
76,2,0.17532940841068737,0.13596168037288384
76,3,0.16067601743737342,0.1334983930560483
76,4,0.19719627488047678,0.16384141350431006
76,5,0.11163376433670498,0.092751416094542
76,6,0.18240263195823114,0.14263533988301114
76,7,0.1372347287295971,0.10525116250364198
76,8,0.19756543454959635,0.15550875613775783
77,0,0.0,0.0
77,1,0.1023565052969447,0.06164688821279686
77,2,0.15233909045494914,0.08563352955085056
77,3,0.13897824537323147,0.08370329107738685
77,4,0.14912414520553158,0.08981392518867778
77,5,0.1167384373892553,0.07030878378461813
77,6,0.1569707501561333,0.08897858700229967
77,7,0.11276371175596128,0.06269067792850687
77,8,0.2083111247322947,0.1188576331358401
78,0,0.0,0.0
78,1,0.1518972841392777,0.054447065784949594
78,2,0.24741322674268845,0.08277213571176018
78,3,0.20860220594030263,0.0747727524825466
78,4,0.2722915422652937,0.09760197885309162
78,5,0.16300353403675105,0.05842806335326265
78,6,0.2610956328825621,0.08808361707924288
78,7,0.19445029904963407,0.0643385072358455
78,8,0.25335591707614874,0.08603485417271274
79,0,0.0,0.0
79,1,0.08624375879032109,0.04384088642697861
79,2,0.1211920645094372,0.05749930703969439
79,3,0.10565772008154968,0.05370971965044463
79,4,0.1384226291911379,0.07036533252274609
79,5,0.09080094267341428,0.046157471230886385
79,6,0.1261005106527285,0.060330865673296936
79,7,0.08953294189596411,0.042011907346449696
79,8,0.1415302520800764,0.06815847027821247
80,0,0.0,0.0
80,1,0.08332591469128323,0.06997786961573935
80,2,0.12383653525705096,0.09706579063656011
80,3,0.09605345848161403,0.08066657796281439
80,4,0.14267930019685857,0.11982338871444966
80,5,0.10371431784737142,0.087100238125174
80,6,0.14762018911881858,0.11668027546255406
80,7,0.11260806754749524,0.08729473009001358
80,8,0.15257223429699995,0.12138779915059375
81,0,0.0,0.0
81,1,0.1398284378207476,0.0669738682726297
81,2,0.21030887530007214,0.09401653808817606
81,3,0.21012755000943614,0.10064515540696573
81,4,0.26649282413944764,0.1276425280699815
81,5,0.16156506104522175,0.07738509622608758
81,6,0.2083050591361439,0.09390327887709066
81,7,0.17238411776468385,0.07621580169395722
81,8,0.26303947148768864,0.11935749769413931
82,0,0.0,0.0
82,1,0.0777895242261476,0.07886529639712184
82,2,0.10975945052021145,0.10385885380911739
82,3,0.10138231044556233,0.10278435357786556
82,4,0.14066419505502173,0.14260947789352788
82,5,0.08855391591130346,0.08977855173876043
82,6,0.1321511417639079,0.12609759558375014
82,7,0.10128750644711162,0.09478914323955832
82,8,0.13166381637977895,0.1264591236981884
83,0,0.0,0.0
83,1,0.08421279098074248,0.043063326459256986
83,2,0.11568397964403203,0.05521276671393604
83,3,0.11062136095871809,0.05656769862219548
83,4,0.16750870434517057,0.0856577954010905
83,5,0.11168857838265889,0.05711343439220076
83,6,0.15635004982415557,0.07524863017725854
83,7,0.13242139629398592,0.06250655587758092
83,8,0.1411231477969183,0.0683670234887633
84,0,0.0,0.0
84,1,0.13946526941869394,0.06004230704570039
84,2,0.22295728062753442,0.08958797833197703
84,3,0.2016879013407517,0.08683026928624814
84,4,0.2561904690370954,0.11029460501687771
84,5,0.17915380780496037,0.07712893669848661
84,6,0.290363803259222,0.11765349654123103
84,7,0.2285778782798119,0.09083712741079863
84,8,0.2834347068458603,0.11560143735993861
85,0,0.0,0.0
85,1,0.19718266915699134,0.0642638880647185
85,2,0.2574476831768226,0.07831122559570636
85,3,0.24462968703689725,0.07972736596100023
85,4,0.3203610535069367,0.10440900800705646
85,5,0.25938369505609193,0.08453585102667605
85,6,0.3139882579444789,0.09631251527421339
85,7,0.21207980220545586,0.06380217144915339
85,8,0.3540220282112049,0.10930686695426467
86,0,0.0,0.0
86,1,0.18078885539124906,0.06530741120345104
86,2,0.25343589828087254,0.08544678391705968
86,3,0.2412118662901845,0.08713436735286416
86,4,0.3037080607482557,0.10971023167420912
86,5,0.20769156528453528,0.07502563378794472
86,6,0.29625555547116805,0.10072293627036263
86,7,0.18514848703242445,0.061737476615115854
86,8,0.3372985834061123,0.11543147224630879
87,0,0.0,0.0
87,1,0.09889537676153808,0.042247878310099955
87,2,0.1500408308225734,0.05982395913472837
87,3,0.1313860111085474,0.05612780284307623
87,4,0.19073764607113164,0.08148268528061331
87,5,0.106429233023763,0.04546632443968739
87,6,0.16341245012415082,0.06570298747697942
87,7,0.12312383491271484,0.048552203175665616
87,8,0.18807978942333392,0.07611845211643155
88,0,0.0,0.0
88,1,0.08412475261265717,0.06514235839725674
88,2,0.11987714102369099,0.08663888030057533
88,3,0.09447467862498772,0.07315686742986797
88,4,0.12070432370589858,0.09346790416314518
88,5,0.09532673272137718,0.07381665912728218
88,6,0.13278981100481974,0.09677774346066872
88,7,0.1025172415102918,0.07327814774301977
88,8,0.15074467859085267,0.11058610752849951
89,0,0.0,0.0
89,1,0.15048300649217802,0.07901927968611706
89,2,0.2245181500266552,0.11003575782263164
89,3,0.21100512973557872,0.11079970921931166
89,4,0.3041670244214771,0.159719424367721
89,5,0.21793661151015148,0.11443946037628135
89,6,0.27109022664394766,0.13397708642600742
89,7,0.1717707527709096,0.0832592931960362
89,8,0.2710332860406234,0.1348301885397633
90,0,0.0,0.0
90,1,0.13221027646960853,0.06250707241843395
90,2,0.20564619872035525,0.09074472903282607
90,3,0.1865737553625132,0.0882093249423361
90,4,0.2666684683458308,0.12607692614906052
90,5,0.15514081352412631,0.07334829277235862
90,6,0.21631988421072407,0.09625680636470717
90,7,0.18448516673338108,0.08051249629389459
90,8,0.22778118004826534,0.10202361035707708
91,0,0.0,0.0
91,1,0.11412329891105814,0.07461018711821114
91,2,0.19523898723063654,0.11913164394801128
91,3,0.15363183022017507,0.10043960969769893
91,4,0.24213646981094844,0.15830113125995018
91,5,0.13608332569970627,0.08896695496014746
91,6,0.17626848852916735,0.10845998845268513
91,7,0.15097091391776338,0.09110768045241933
91,8,0.20053025513061037,0.12420029362357037
92,0,0.0,0.0
92,1,0.09708048041011093,0.06076422657175249
92,2,0.13248421151123954,0.07739572264178661
92,3,0.14040808497901316,0.08788366777882206
92,4,0.18280145072283596,0.1144183539517237
92,5,0.12435534720526494,0.07783600226398006
92,6,0.1647060159817073,0.09702788866759464
92,7,0.1340138496675554,0.07742899712344702
92,8,0.15003104787281699,0.0889643693183458
93,0,0.0,0.0
93,1,0.09199456668798726,0.08530692642791651
93,2,0.13043928435530958,0.1128930745092659
93,3,0.1258797543034937,0.11672879525106318
93,4,0.18872374020815266,0.17500427254298256
93,5,0.10786577214349997,0.10002435817263895
93,6,0.16004134173577145,0.13967714891309754
93,7,0.11626180191682886,0.09951695064909338
93,8,0.17418698136905622,0.15302300062400442
94,0,0.0,0.0
94,1,0.09572972677768544,0.09304706347731624
94,2,0.1486603384318864,0.1348614255093123
94,3,0.12562951827671565,0.12210896400931782
94,4,0.16505342004282167,0.16042807776458054
94,5,0.09540506602189065,0.09273150078879853
94,6,0.14781632836661082,0.13522261304489347
94,7,0.12239942682747892,0.10981789882791275
94,8,0.17790225304759302,0.16381595748058497
95,0,0.0,0.0
95,1,0.17322911042214972,0.05568014045334894
95,2,0.27403600404734224,0.08220984883516563
95,3,0.23876073698816455,0.07674363354893876
95,4,0.2914950229122093,0.09369374337633664
95,5,0.20539585497311943,0.06601933142512212
95,6,0.22669138343757061,0.06857811145486924
95,7,0.2233277027837679,0.06626129804176192
95,8,0.25336095795963776,0.07715037538672788
96,0,0.0,0.0
96,1,0.12653187625652182,0.04686845736136617
96,2,0.16581324395714733,0.05732402857938194
96,3,0.16090603456157251,0.05960093095234464
96,4,0.24342985129660666,0.09016843773697424
96,5,0.14058791990193906,0.05207493261293967
96,6,0.244365768263927,0.08519069096576198
96,7,0.15841437428717506,0.05416430704832849
96,8,0.23912319427085046,0.08391146800093337
97,0,0.0,0.0
97,1,0.08848178579513953,0.07697833927719226
97,2,0.1430265577246481,0.11613633624992803
97,3,0.13428997933819722,0.11683104605231352
97,4,0.15424722883062444,0.1341936694291128
97,5,0.11307200445905463,0.09837160319247804
97,6,0.15382249442674661,0.12595214532413174
97,7,0.13430167759134157,0.10785343700758267
97,8,0.1832774608952569,0.1510576144467462
98,0,0.0,0.0
98,1,0.09184330267041481,0.07034781157651633
98,2,0.14202782165465103,0.10153442224767406
98,3,0.11622258850238573,0.08902124073478616
98,4,0.14888493410523446,0.11403911865629102
98,5,0.11784830821615978,0.09026646842995316
98,6,0.14833548972891292,0.10693484154400254
98,7,0.10400654589253744,0.0735362817096154
98,8,0.17752912867209278,0.1288224708714883
99,0,0.0,0.0
99,1,0.17312717295354252,0.055638713342747365
99,2,0.27001559856127766,0.08099113240351455
99,3,0.24513712746550465,0.07878089922012241
99,4,0.3214824597485458,0.10331636633072311
99,5,0.18108883605847712,0.05819739135769914
99,6,0.296664309526592,0.08973217681984642
99,7,0.2156574326739576,0.06397557021454256
99,8,0.3105358619397701,0.09454585781815701
100,0,0.0,0.0
100,1,0.12035634091004294,0.0970608081699345
100,2,0.17447775446962796,0.1313263177207926
100,3,0.1460537170611851,0.11778433696964173
100,4,0.1947921772401948,0.1570892402108312
100,5,0.13404546687266475,0.10810033977272049
100,6,0.18065615646263905,0.13711935282339366
100,7,0.13825375453219219,0.10291762492783757
100,8,0.21314940911915078,0.16284632589015174
101,0,0.0,0.0
101,1,0.13507479076337828,0.05280710243806754
101,2,0.2201881894568851,0.08034314567420997
101,3,0.19563688837851936,0.07648368098061285
101,4,0.25831721146926695,0.10098837370379182
101,5,0.17663564437049753,0.06905519907727928
101,6,0.23038015174675436,0.0847684331759238
101,7,0.19260727676940304,0.06950701200216973
101,8,0.27348855046908094,0.10129221967969597
102,0,0.0,0.0
102,1,0.10334208288417002,0.045492049166575496
102,2,0.14010057440844567,0.057561881587370745
102,3,0.13811612670674686,0.06079987408307559
102,4,0.1779499092879893,0.07833503831725942
102,5,0.12972482452674935,0.05710595268445326
102,6,0.17900350785350833,0.07416361526340051
102,7,0.1361798894780776,0.05533617808770488
102,8,0.21468440066157057,0.08953187555512894
103,0,0.0,0.0
103,1,0.1471448353853275,0.08573814237431276
103,2,0.2242444370574921,0.12195159954262785
103,3,0.16582640116816041,0.09662349042386677
103,4,0.24897568816242288,0.14507279812785664
103,5,0.14114862606805528,0.08224427969945787
103,6,0.24290392522958568,0.133209328922607
103,7,0.185147103200957,0.09958269181851567
103,8,0.2933419862549193,0.16192808459003635
104,0,0.0,0.0
104,1,0.16570333937883577,0.055182793999589926
104,2,0.2689686630488534,0.08360088711715291
104,3,0.23145193413343637,0.07707849733125766
104,4,0.31066849423370363,0.10345932425819837
104,5,0.22347650666346702,0.07442250758003241
104,6,0.2803479510183476,0.08787004981877325
104,7,0.2388600204288136,0.07342666172972966
104,8,0.3457374765942012,0.10907815591481893
105,0,0.0,0.0
105,1,0.1132136776599941,0.06834473188654915
105,2,0.16214378948155206,0.09135729691279333
105,3,0.14095559254074566,0.08509194630209514
105,4,0.17973276138182878,0.10850091297944715
105,5,0.12313157453379145,0.07433195901959763
105,6,0.19018884926766763,0.10805932685393811
105,7,0.12873182025599253,0.07173480956211253
105,8,0.21085141188134637,0.120587297816456
106,0,0.0,0.0
106,1,0.15081053228924013,0.07639768087025463
106,2,0.26811411502245175,0.12676663360096282
106,3,0.18623717099589795,0.0943441266332483
106,4,0.3007878245996129,0.1523732585821452
106,5,0.18154950922905083,0.09196944840451272
106,6,0.2625084594323323,0.12515922551391204
106,7,0.19618896127849383,0.09174047070241345
106,8,0.2941543048303711,0.14117006515829733
107,0,0.0,0.0
107,1,0.11176225091823543,0.04667381010050693
107,2,0.18975782419056578,0.07396301112420936
107,3,0.15402604382832402,0.06432388629533749
107,4,0.20779039831866486,0.08677679191455555
107,5,0.12726069284466832,0.053146222112477576
107,6,0.20437535122311487,0.08032998623071948
107,7,0.1682314453207927,0.06485197173044084
107,8,0.21903273030832726,0.086657476059953
108,0,0.0,0.0
108,1,0.14963743792880663,0.04249120994261679
108,2,0.19951494349795598,0.05287751539313827
108,3,0.1978218600538088,0.0561737109585139
108,4,0.2793585150253389,0.07932694835931965
108,5,0.2022222521879002,0.0574232511042659
108,6,0.31737476438992934,0.08482078490102503
108,7,0.18886447902936693,0.04950476610595408
108,8,0.3228795905025538,0.08685970141187305
109,0,0.0,0.0
109,1,0.08480063959352929,0.04593644706400048
109,2,0.12355508668189649,0.06246772364358138
109,3,0.11576311913835427,0.06270880054386242
109,4,0.14271582965575397,0.077309064950457
109,5,0.08735578047177911,0.0473205650878431
109,6,0.12213194418684652,0.06226709516347873
109,7,0.11212171369750133,0.056064234246829284
109,8,0.15228444245502717,0.07815067181137988
110,0,0.0,0.0
110,1,0.13849968324771253,0.06651540486504989
110,2,0.1981461457830736,0.08881695187655105
110,3,0.1727376756693371,0.08295843111816932
110,4,0.2573880740904407,0.12361235458525048
110,5,0.1760035504163874,0.08452688944200584
110,6,0.23012989528625585,0.10402017015541547
110,7,0.18247009619230134,0.08089153067561908
110,8,0.27199751259008564,0.12375344437941631
111,0,0.0,0.0
111,1,0.12691867466561155,0.06155054345651295
111,2,0.18923434292431687,0.08565310213878342
111,3,0.15468326642489227,0.0750152736558662
111,4,0.23023919789381028,0.1116569156800009
111,5,0.12958019657854525,0.0628412764443423
111,6,0.19281651807047095,0.08800790051738462
111,7,0.1738776069302094,0.07783732666487823
111,8,0.2455984566412886,0.1128368362974554
112,0,0.0,0.0
112,1,0.13606596191348222,0.07041912498207896
112,2,0.22049864974397104,0.10650839469757956
112,3,0.21154768739236993,0.10948368591716826
112,4,0.2714925553235686,0.14050735331728842
112,5,0.1961706586070556,0.10152550962782853
112,6,0.24743540971038866,0.12052413953871247
112,7,0.20033412180428944,0.0957048503181
112,8,0.26225296943002335,0.12858207990761616
113,0,0.0,0.0
113,1,0.07546506635841636,0.03527494134825331
113,2,0.118149159369945,0.05154514369387292
113,3,0.11073698910728488,0.051762238931709226
113,4,0.14138217088113447,0.06608684025843348
113,5,0.10998848731964897,0.0514123637121935
113,6,0.13540235640132062,0.059568631885126885
113,7,0.10232858727777036,0.04415249135881979
113,8,0.12693885170718114,0.05621261791259951
114,0,0.0,0.0
114,1,0.14868100720546062,0.060910991673896776
114,2,0.26205187011928455,0.10019919114335958
114,3,0.2173314074488477,0.08903539058825291
114,4,0.3123495501339946,0.12796201213021108
114,5,0.18970681634638834,0.07771826763984913
114,6,0.26822765444035584,0.10342244218581605
114,7,0.20305344537091644,0.07678712941511903
114,8,0.2989844499386575,0.11603998962412189
115,0,0.0,0.0
115,1,0.10201806890565572,0.04694507031164885
115,2,0.17428460309825655,0.07485291085021792
115,3,0.17025279259057863,0.07834425219625177
115,4,0.230713218230007,0.10616597988784336
115,5,0.15127819065207906,0.06961281832680485
115,6,0.20014793310198536,0.08668322610592663
115,7,0.1707815938138369,0.0725423885775521
115,8,0.24980976335709504,0.1089033419896828
116,0,0.0,0.0
116,1,0.11735574147470662,0.08891745754574926
116,2,0.16453758981839,0.11635487997385995
116,3,0.1697671366158992,0.12862823729813913
116,4,0.20856056684187504,0.15802103173517684
116,5,0.13783556751647638,0.10443450033999441
116,6,0.21825320428934045,0.155637549518545
116,7,0.12003149517331467,0.08394905353933606
116,8,0.1934673196368737,0.13887024876775902
117,0,0.0,0.0
117,1,0.09510240746544002,0.0688717023671043
117,2,0.1280599849160243,0.08655646870116156
117,3,0.12520014802715887,0.09066802367098195
117,4,0.16270949812479818,0.11783171873145565
117,5,0.13939810766618593,0.10094996790919249
117,6,0.1888237783945378,0.12869955698102667
117,7,0.12204658477819007,0.08158547226119665
117,8,0.17908652331297206,0.12286582935344975
118,0,0.0,0.0
118,1,0.13389208201468095,0.061231658340171885
118,2,0.1865499044813608,0.07962563969330996
118,3,0.1879337622672946,0.08594605258638296
118,4,0.21213660837248535,0.09701452191835067
118,5,0.15230042530574758,0.06965017995882589
118,6,0.23249688053164183,0.10007124852937319
118,7,0.18085011706273815,0.07634451047076368
118,8,0.26537251983506027,0.11497303060178277
119,0,0.0,0.0
119,1,0.0996587610666175,0.06149853965590994
119,2,0.16779846546286012,0.09664381843825855
119,3,0.14893807829805533,0.09190837028733753
119,4,0.17055161521077217,0.10524589267578742
119,5,0.1245379089284257,0.07685124166634234
119,6,0.18629811946394004,0.10820039635065382
119,7,0.14520505882592594,0.08271208338600125
119,8,0.2000206520148351,0.11693460745926765
